keyword,frequency
React,144
AWS,136
Python,100
Kubernetes,70
Go,68
C++,54
CI/CD,50
Azure,48
Java,45
PostgreSQL,43
LLMs,42
TypeScript,42
Next.js,41
SQL,41
PyTorch,40
C#,39
machine learning,39
distributed systems,38
GraphQL,34
APIs,34
LLM,31
Node.js,31
Golang,29
Terraform,29
JavaScript,27
Postgres,26
TensorFlow,26
Machine Learning,24
Rust,23
REST APIs,21
infrastructure,20
security,20
Tableau,19
automation,19
React Native,19
AI,19
FastAPI,18
scalable,17
Redux,17
MongoDB,17
scalability,17
DevOps,17
Ruby,16
Linux,16
Kafka,16
algorithms,15
React.js,14
Snowflake,14
Redis,14
ReactJS,13
Network,13
Docker,13
production,12
driver's license,12
Security,12
Spark,12
Airflow,12
RESTful APIs,12
monitoring,12
deep learning,11
Generative AI,11
R,11
testing,11
data pipelines,11
MLOps,11
Flask,11
SaaS,11
inference,11
performance,10
Azure DevOps,10
Spring,10
JS,10
cybersecurity,10
Salesforce,10
compliance,10
NoSQL,10
REST,10
observability,10
cloud infrastructure,10
performance optimization,10
design,9
ML,9
OpenStack,9
Ceph,9
Typescript,9
TailwindCSS,9
DynamoDB,9
Tailwind,9
Scala,9
backend,9
GenAI,8
OAuth,8
NextJS,8
analytics,8
travel,8
relocation,8
documentation,8
configuration,8
reinforcement learning,8
API,8
AI/ML,8
Looker,8
architecture,8
.NET,8
Prometheus,8
Vercel,8
Ruby on Rails,8
NLP,8
computer vision,8
microservices,8
GitHub Actions,8
gRPC,8
ETL,8
Spring Boot,8
patrols,7
Solutions Architect,7
full-stack,7
benchling,7
Jenkins,7
JWT,7
safety,7
SDKs,7
dbt,7
cloud,7
Agile,7
real-time,7
Microsoft Azure,7
frontend,7
CCTV,6
law enforcement,6
FOIA requests,6
clinical,6
survey,6
modeling,6
model,6
Excel,6
reliability,6
crypto,6
EPIC,6
Azure AD,6
export,6
Node,6
JAX,6
PHP,6
Databricks,6
Redshift,6
Ubuntu,6
Flutter,6
driver’s license,6
Kotlin,6
KYC,6
Grafana,6
RBAC,6
Pandas,6
SDK,6
Figma,6
accessibility,6
scikit-learn,6
prompt engineering,6
Visualization,5
access control,5
1. Security,5
drug screen,5
investigations,5
surveillance,5
Tensorflow,5
SREC,5
VPP,5
statistics,5
tooling,5
emergency response,5
NodeJS,5
collaboration,5
telemetry,5
evaluation,5
payroll,5
Zapier,5
software development,5
unit testing,5
systems,5
RESTful API,5
distributed,5
data security,5
data governance,5
Lambda,5
Django,5
open source,5
Data Governance,5
Infrastructure as Code,5
Cloud,5
networking,5
React Testing Library,5
Android,5
ML models,5
fine-tuning,5
NestJS,5
Active Directory,5
Azure Entra ID,5
Hadoop,5
debugging,5
healthcare,5
vulnerability management,5
integrations,4
Prompt engineering,4
feature stores,4
multimodal,4
Top Secret Sensitive Compartmented Information (SCI) Clearance,4
Google Workspace,4
airport SIDA badge,4
lifting,4
SIDA badge,4
airport security clearance,4
first aid,4
CPR,4
Pinecone,4
agentic,4
classification,4
GTM,4
generative AI,4
machine learning models,4
SAP S/4HANA,4
Omni,4
data analysis,4
regression,4
customer service,4
Nest.js,4
API design,4
serverless,4
developer,4
SME,4
Express,4
agile,4
Compiler,4
AWS Neuron,4
advertising,4
MicroServices,4
SOA,4
AI models,4
Temporal,4
datasets,4
Monorepo,4
GCP,4
trading,4
CMS,4
TDD,4
NX,4
deployment,4
workflows,4
training,4
Juniper,4
Apollo GraphQL,4
AI tools,4
Tailwind CSS,4
Express.js,4
OpenAPI,4
Hibernate,4
test automation,4
ClickHouse,4
Network Security,4
mobile devices,4
troubleshooting,4
RAG,4
Git,4
KYB,4
PIM,4
Power BI,4
analysis,4
OpenTelemetry,4
OOP,4
automated testing,4
Bicep,4
ARM templates,4
HIPAA,4
Observability,4
databases,4
Swift,4
C# .NET,4
concurrency,4
container orchestration,4
web application development,4
San Francisco,4
model evaluation,4
Cloud Infrastructure,3
build,3
scale,3
full stack,3
GitHub,3
Spinnaker,3
Prototyping,3
Full-stack,3
Tooling,3
data structures,3
Electron,3
data management pipelines,3
refactoring,3
Go Lang,3
ML Models,3
MLops,3
Conda,3
ML Engineer,3
embeddings,3
distributed training,3
CUDA,3
Computer Vision,3
model serving,3
RL,3
LangChain,3
U.S. citizen,3
surveillance camera,3
alarm monitoring,3
security incident,3
security guard,3
baggage,3
cargo,3
aircraft,3
background investigation,3
Vulnerability Management,3
confidentiality,3
models,3
robotic,3
manipulation,3
large-scale,3
Sigma,3
Marketing Analytics,3
eDiscovery,3
recommendation systems,3
SAS,3
decision trees,3
experimentation,3
Data Mesh,3
cloud environments,3
Microservices,3
AWS RDS,3
ElastiCache,3
Langchain,3
vector databases,3
production debugging,3
Radio,3
CI/CD automation tools,3
Design,3
solutions,3
identity verification,3
ML frameworks,3
Artificial Intelligence,3
Microsoft,3
large-scale system design,3
Infrastructure,3
incident,3
optimization,3
IoT,3
Java/J2EE,3
scalable systems,3
blockchain,3
robust,3
Statistical Methods using ML,3
HealthCare Domain Knowledge,3
AI-driven,3
PowerBI,3
Alteryx,3
market,3
Robotics,3
relational databases,3
order management,3
debugging tools,3
visualization,3
Twilio,3
NgRx,3
SSR,3
Algorithms,3
Perforce,3
web services,3
logging,3
PowerShell,3
CAD,3
asynchronous programming,3
Vue.js,3
version control,3
design patterns,3
Jest,3
Datadog,3
containerization,3
Java EE,3
integration,3
ServiceNow,3
Power Automate,3
RDS,3
Docusign,3
Routing,3
metrics,3
dashboards,3
user-centered design,3
ASP.NET,3
JPA,3
Maven,3
cloud computing,3
build systems,3
Open Source,3
virtualization,3
Lightning Experience,3
commissioning,3
RLHF,3
content,3
IP,3
Playwright,3
mobile development,3
identity and access management,3
PAM,3
KYC/KYB,3
LabVIEW,3
Debugging,3
SDLC,3
feedback,3
HTML,3
MySQL,3
Angular,3
containers,3
C,3
terraform,3
Entra ID Connect,3
n8n,3
OpenAI,3
CI/CD pipelines,3
Webpack,3
ML/DL,3
orchestration,3
mobile application development,3
infrastructure management,3
on-call,3
responsive design,3
model training,3
enterprise,2
Observability Tools,2
Payments,2
Event-driven,2
external developer API,2
Web applications,2
agentic AI,2
Planetscale DB,2
QStash,2
reliable,2
fullstack,2
CI systems,2
Segment,2
Github Actions,2
Bugsnag,2
Fullstory,2
distributed caches,2
OOP principles,2
SpringBoot,2
Vite,2
Ryu,2
scalable AI systems,2
metadata,2
authentication,2
query lifecycle,2
Apollo,2
Financial Services,2
Pydantic,2
SQS,2
complex,2
Large-scale Data,2
Performance Optimization,2
Model Governance,2
finetuning,2
hypothesis testing,2
distributions,2
clustering,2
neural networks,2
MLFlow,2
agent,2
LoRA,2
pipeline,2
CNNs,2
code quality,2
architecture optimization,2
cloud environment,2
React/Next.js,2
preprocessing,2
large-scale machine learning,2
transformers models,2
distillation,2
supervised fine-tuning,2
policy optimization,2
OCR,2
Data Extraction,2
ROS,2
Kinesis,2
self-supervised learning,2
diffusion models,2
Moveworks,2
Glean,2
Okta Workflows,2
Workato,2
Museum guard,2
federal laws,2
Lenel,2
Auto Insurance,2
Private Investigator license,2
surveillance equipment,2
mobile surveillance,2
covert,2
Slack,2
perimeter control,2
visitor processing,2
vehicle monitoring,2
criminal background check,2
ramp,2
social services,2
human services,2
behavioral sciences,2
criminal law/justice,2
#Quality Assurance,2
#QA,2
physical capability test,2
Basic P.O.S.T Certificate,2
security clearances,2
fingerprinting,2
valid driver's license,2
Driver's License,2
English,2
firearm,2
Top Secret Clearance,2
mobility agreement,2
licensing requirements,2
Penetration Testing,2
Cybersecurity,2
Security Tools,2
Threat Hunting,2
Incident Response,2
Security Audits,2
assistance,2
FOIA correspondence,2
de-escalation,2
Statistical Modeling,2
insights,2
Foundation Model,2
State-of-the-art,2
Optimization,2
Data-centric,2
Open AI model,2
predictive models,2
probability,2
Triton,2
Deep Learning,2
A/B testing,2
Causal Inference,2
Experimentation,2
Product Analytics,2
Statistics,2
Reinforcement Learning from Human Feedback,2
image/video,2
A/B tests,2
Data Visualization,2
taxonomy,2
fleet,2
digital forensics,2
predictive analytics,2
processing,2
ESI (Electronically Stored Information),2
online advertising,2
energy data,2
PV/ESS,2
data privacy,2
nurse,2
genetic,2
annotation,2
Risk Management,2
Data Analytics,2
Data Modeling,2
SSRS,2
cloud-stored data,2
Qualtrics,2
SurveyMonkey,2
PowerPoint,2
Google Sheets,2
data management systems,2
pharma,2
syndicated data,2
VMware,2
Microsoft Office,2
Data Pipelines,2
caching systems,2
workflow orchestration,2
metadata stores,2
JIRA,2
TestRail,2
EHR,2
schema management,2
change data capture,2
MCP,2
observability practices,2
functional testing,2
NumPy,2
community,2
scripting,2
Amazon Web Services,2
SAP ME,2
SAP MII,2
Identity Management,2
cloud-based systems,2
Data Scientists,2
white papers,2
adoption,2
Juju,2
distribution packaging,2
validation,2
Ericsson,2
T-Mobile,2
telecom,2
Communication Cloud,2
Linux stack,2
public cloud,2
device drivers,2
programming language,2
Collaborate,2
language-related,2
embedded systems,2
test,2
deploy,2
data architecture,2
quality,2
fraud detection,2
user research,2
B2B marketing,2
cross-functional teams,2
logs,2
Neural Net,2
MXNet,2
scaling,2
operations,2
ML compiler,2
MxNet,2
complexity analysis,2
fault-tolerant systems,2
design thinking,2
web,2
user,2
TTS,2
replication,2
query processing,2
high availability,2
storage engines,2
transaction management,2
NoSQL databases,2
software design and architecture,2
regional endpoint support,2
interface-based versioning,2
image processing,2
computational photography,2
efficiency,2
performant,2
scripting language,2
cloud security architecture,2
production systems,2
Microsoft Windows,2
data integration,2
supply chain,2
debug,2
Network QA testing,2
RF,2
CircleCI,2
smart contracts,2
constitutional AI,2
React.JS,2
Stripe,2
XP,2
Java 8,2
post-training datasets,2
post-training,2
RESTful,2
cloud platforms,2
PG,2
EDI,2
benefits,2
SPAs,2
API Design,2
.NET (C#),2
webhooks,2
agile methodologies,2
HTML5,2
ElasticSearch,2
low-latency,2
exchange connectivity,2
Storyblok,2
Big Data,2
UI/UX,2
AWS Connect,2
Microservices Architecture,2
Kentico CMS,2
responsive,2
Subversion,2
J2EE,2
networking concepts,2
embedded development,2
computer networking,2
threading,2
low latency,2
high-growth,2
fintech,2
Helm,2
scalable data processing,2
Bazel,2
large scale,2
Bay Area,2
AI training,2
modality,2
Bootstrap,2
SageMaker,2
Amazon Bedrock,2
Microsoft Copilot,2
Vue,2
EJB,2
SOAP,2
AI code analysis tools,2
cloud-native,2
ITSM,2
Service Provider,2
MS Access,2
Power Platform,2
Svelte,2
Scrum,2
CI,2
S3,2
Gradle,2
OpenAI APIs,2
hybrid connectivity,2
ORM,2
latency,2
alerting,2
WASM,2
BigQuery,2
Entity Framework,2
TS,2
Kibana,2
JEE,2
Bitbucket,2
CloudFormation,2
Spring Cloud,2
Apigee,2
firmware,2
Testing,2
Python development,2
open source operations,2
LXD,2
Packaging,2
Charmcraft,2
Rockcraft,2
Snapcraft,2
charm,2
snap,2
Kernel,2
COVID-19 vaccination,2
Windows,2
stakeholders,2
Network Services,2
SAN & Backup,2
Virtualization,2
LWC,2
Sales Cloud,2
Service Cloud,2
Archer,2
Civil 3D,2
OpenRail,2
ArcGIS,2
MicroStation,2
blueprints,2
electrical,2
mechanical,2
control,2
wiring diagrams,2
SAML/ODIC/OAuth,2
demos,2
Rails,2
protobuf,2
real-time systems,2
SASS,2
identity data,2
RAG pipelines,2
hybrid cloud,2
Arm Development Tools,2
Embedded,2
Debug,2
embedded software,2
Informatica,2
ETL/ELT,2
methodologies,2
code review,2
code reviews,2
C/C++,2
eCommerce,2
ShadCN,2
Cursor,2
Palantir Foundry,2
TypeORM,2
PIM/PAM,2
Infrastructure-as-code,2
REST/GraphQL,2
LLM/memory features,2
vLLM,2
Celery,2
Infrastructure-as-Code,2
Cassandra,2
D3.js,2
iOS,2
Objective-C,2
signal processing,2
imaging,2
ultrasound,2
CLI,2
Firestore,2
IAM,2
AWS security services,2
data warehouses,2
cloud storage,2
AI-powered applications,2
large language models,2
API integration,2
cloud deployment,2
cloud resources,2
system uptime,2
system design,2
backend components,2
Notion CLI,1
object-oriented design principles,1
browser APIs,1
A/B testing frameworks,1
data tools,1
optimization mathematics,1
linear programming,1
nonlinear optimization,1
Container Orchestration,1
Pulumi,1
Cloudflare,1
Capacity Planning,1
secure,1
governable,1
Transactional databases,1
Caching systems,1
end-to-end projects,1
onboarding,1
AWS CDK,1
Serverless,1
Memcached,1
UX,1
Frontend,1
production web apps,1
component libraries,1
design systems,1
AI-related,1
production-level software,1
prototyping,1
backend architecture,1
AI development lifecycle,1
API design patterns,1
data infrastructure,1
tools,1
Voice AI Infrastructure,1
AI frameworks,1
finetuning for LLMs,1
front-end development (React/Next.js),1
RL (Reinforcement Learning),1
JVM languages,1
service-oriented architectures,1
CI tools,1
cryptocurrencies,1
UIKit,1
SwiftUI,1
Airtable,1
Google Calendar,1
SendGrid,1
Intercom,1
open-source,1
document editor,1
collaborative features,1
regulated domain,1
Front-end systems,1
Proficiency with Python,1
Refactoring,1
Prototype,1
Hybrid work model,1
integrate,1
NoSQL systems,1
data migration,1
real-time data replication,1
high level of reliability,1
fast speeds,1
GO,1
Next,1
DL,1
node,1
computational biology,1
biotech,1
front-end development,1
TensorFlow.js,1
REST/GraphQL API,1
ORM Tools,1
file visibility,1
fault tolerance,1
AI Agents,1
real-world production environments,1
caching layers,1
Distributed Systems,1
Transaction Coordination,1
Query Compilation,1
Query Optimization,1
Vectorized Execution,1
k8s,1
helm,1
kustomize,1
GoLang,1
Managed SDKs,1
code generation,1
transpilation,1
synthesis,1
core web frameworks,1
developer tools,1
developer productivity,1
infrastructure products,1
Ingestion,1
Scale,1
Revenue,1
asynchronous jobs,1
storage layer,1
data ownership,1
product-led,1
continuous deployment,1
high-quality,1
alignment,1
pipelines,1
Github,1
Elastic Beanstalk,1
Celery/queues,1
component architecture,1
state management,1
SSR/ISR,1
unit/integration testing,1
type safety (TS/pyright/mypy),1
tracing,1
vector DBs,1
lightweight ML infra,1
Real-time features,1
WebSockets,1
IaC,1
K8s,1
Design Systems,1
charts,1
PII handling,1
audit/logging,1
AI products,1
Claude APIs,1
Gemini APIs,1
scaling production-grade software,1
data ingestion pipelines,1
full-stack development,1
user dashboard,1
real-time data processing,1
high-volume ingestion pipelines,1
AI agents,1
Amplify,1
MVP,1
ML solutions,1
statistical modeling,1
data modeling,1
ML infrastructure,1
micro services,1
statistical analyses,1
cleanse,1
anonymize,1
measure,1
index,1
multi-modal data,1
architectural discussions,1
LLM-based,1
biomedical,1
AI engineer,1
production-ready,1
transformers,1
flash attention,1
multi-node,1
search relevance,1
ads ranking,1
speech recognition,1
audio processing,1
statistical techniques,1
transformer,1
ONNX,1
OpenVINO,1
TensorRT,1
prompt,1
post-training methodologies,1
specialized domain data verification,1
LLM benchmarks,1
large-scale model training,1
benchmark evaluation,1
vision-language models,1
ASR systems,1
scene understanding,1
privacy and security,1
deploy models,1
LLM fine-tuning,1
RAG systems,1
AI automations,1
Backend software engineering,1
Infrastructure engineering,1
Model performance and evals,1
retrieval strategies,1
3D,1
geometry,1
graphics,1
differentiable,1
feature extraction,1
model inference,1
explainability,1
experiment,1
SLAM,1
sensor fusion,1
path planning,1
object detection,1
semantic segmentation,1
autonomous driving,1
simulation,1
perception,1
CAN bus,1
ISO 26262,1
UL 4600,1
data transformation pipelines,1
model management & serving,1
scientific disciplines,1
software engineering techniques,1
development tools,1
Machine Learning Frameworks,1
Natural Language Processing,1
integration strategies,1
enterprise architectures,1
application infrastructure,1
deep learning models,1
representation learning,1
data transformation,1
model management,1
GANs,1
multi-GPU,1
audio,1
video,1
transformation,1
management,1
iterate,1
high-quality production code,1
large amounts of data,1
linear regression,1
regression trees,1
classification trees,1
unsupervised learning,1
causal inference,1
stochastic processes,1
time series forecasting,1
ML pipelines,1
visualization systems,1
avatars,1
Crew,1
Anthropic,1
MarTech,1
Weaviate,1
LLM internals,1
agent architectures,1
evaluation frameworks,1
cloud-based,1
Backend Systems,1
data-driven models,1
large-scale datasets,1
data integrity,1
regulated environments,1
predictive modeling,1
data pipeline,1
experiment design,1
data visualization,1
feature engineering,1
performance monitoring,1
research,1
AI Infrastructure,1
Systems Architecture,1
Scaling,1
Research,1
Pytorch,1
production ML workflows,1
Ray,1
Kubeflow,1
TensorFlow Serving,1
multimodal LLMs,1
reasoning,1
search with AI,1
Flink,1
containerized microservices,1
autoregressive learning,1
generative AI methods,1
deep learning frameworks,1
uncertainty modeling,1
Vision models,1
PBI,1
Aurora PostgreSQL,1
LLMOps,1
AI development,1
Cloud infrastructure,1
California Security Guard Registration Card,1
Supervising security guards,1
Firearms Permit,1
CPR and First Aid certificate,1
Class C or III driver license,1
Guard Registration,1
First Aid and CPR,1
California Driver’s License,1
fitness,1
public safety,1
physical fitness,1
Security license,1
foot patrols,1
climb stairs,1
reports,1
hotel/security,1
CPR/AED,1
dispatch,1
Genetec,1
CCURE,1
PSIMS,1
Intellicene,1
infographics,1
Microsoft Office Suite,1
administrative support,1
digital surveillance equipment,1
video evidence,1
Microsoft Word,1
driving,1
Auto insurance,1
background criminal history check,1
California Guard Card License,1
Reliable transportation,1
Emergency response procedures,1
Scaled Agile Framework (SAFe),1
Site Reliability Engineering (SRE),1
IP addressing,1
VIPs,1
LTM flows,1
network boundaries,1
Cisco ACI,1
zero trust,1
micro-segmentation,1
GPFS,1
storage LUNs,1
hybrid infrastructure,1
connectivity,1
program increment (PI) planning,1
squads,1
scripts,1
provisioning,1
configuration management,1
security standards,1
Okta,1
Jamf,1
Zoom,1
flexible schedule,1
nights,1
weekends,1
holidays,1
extended hours,1
heavy items,1
jet way stairs,1
guard card license,1
AED,1
badge inventory,1
RN license,1
interqual,1
millimen,1
BLS,1
CCM,1
ACMA,1
CPR and First Aid certification,1
security systems and equipment,1
Washington State Driver’s license,1
criminal background checks,1
MS Office,1
state laws and regulations,1
security operations and safety practices,1
policies and procedures,1
ISO 27001,1
SOC 2,1
FedRAMP,1
NIST,1
FAA background check,1
Valid Driver's License,1
Washington State Electrical Training Card,1
electronics,1
read blueprints,1
MS Office Suite,1
(06) Limited Energy Journey Technician Certificate,1
coding software,1
X-ray,1
emergency,1
clearance,1
badge,1
ground equipment,1
investigative skills,1
interviewing techniques,1
Medicaid,1
fieldwork,1
litigation,1
dispute resolution,1
#Samsung,1
#Android,1
#Mobile,1
#Field Testing,1
#Network Tester,1
#Mobile Engineer,1
#Test Assurance,1
#QA Analyst,1
#Software Tester,1
#QA tester,1
#Test Engineer,1
#QA Engineer,1
#Computer Programming,1
#Engineering,1
#Technology,1
#IT,1
#Telecommunication Engineering,1
CCW,1
luxury security retail,1
jamf,1
okta,1
G-Suite,1
mac,1
slack,1
zoom,1
intune,1
Help Desk,1
Technical support,1
Troubleshooting,1
Customer service,1
physically demanding,1
California Driver License,1
police officer,1
safeguarding of life and property,1
Peace Officers Standards and Training,1
baggage routing tags,1
ramp area,1
fleet service,1
ground operations,1
baggage handling,1
customs seal,1
USPS security clearance,1
background check,1
incidents,1
licensing,1
Valid driver's license,1
patrol,1
incident reports,1
crop input data,1
agricultural,1
Microsoft Suite,1
Google Suite,1
emergency notification services,1
risk assessment,1
risk management,1
NDA,1
Guard Card,1
physical abilities,1
project management tools,1
stakeholder engagement,1
change management,1
drug test,1
Selective Service System,1
email marketing platforms,1
UX content design,1
valid driver’s license,1
Vulnerability Scanning,1
Endpoint Protection,1
Antivirus Software,1
Firewalls,1
Tenable Nessus,1
Tanium,1
Cloud Solutions,1
Cyber Defense,1
Telcom,1
Data Centers,1
evidence,1
interviews,1
FOIA tracking database,1
FOIA EXPRESS,1
SecureRelease,1
emergencies,1
macOS,1
ETL tools,1
continuous integration and delivery (CI/CD),1
model versioning,1
performance tracking,1
structured and unstructured datasets,1
Econometrics,1
Architectural Development,1
CV,1
imitation learning,1
analytical algorithms,1
pandas,1
pyspark,1
Sagemaker,1
Azure ML,1
Ph.D.,1
3DVAE,1
video diffusion,1
ML engineering,1
model capability,1
algorithmic improvements,1
transformer-based,1
graph neural networks,1
Faiss,1
ScaNN,1
GPU-based deployment,1
RL/IL,1
Perception,1
Scikit-learn,1
DBT,1
Streamlit,1
large video datasets,1
torch,1
data fusion,1
entity resolution,1
Bayesian inference,1
ETL systems,1
geospatial analytics,1
graph theory,1
high performance computing,1
Reinforcement Learning,1
Jupyter,1
Prompt Analysis,1
Spark ML,1
economic modeling,1
multivariate analysis,1
Geospatial,1
Dashboards,1
Advanced Excel,1
QuickSight,1
embedded analytics,1
customer-facing dashboards,1
GTM/Sales Analytics,1
revenue analytics,1
Revenue Analytics,1
PySpark,1
sustainability,1
OTA,1
Tableau Desktop Certification,1
Excel/PowerPoint,1
data management,1
Agile/Scrum,1
project management,1
financial modeling,1
data science,1
structured data,1
unstructured data,1
Survey123,1
Field Maps,1
ESRI tools,1
electric utility,1
logistic regression,1
multivariate linear regression,1
decision tree,1
Gradient Boosting Machine,1
Random Forest,1
Neural Network,1
credit risk modeling,1
AI/ML modeling,1
SAP S/4 HANA,1
Data Quality Software,1
targeting systems,1
ranking systems,1
SAP S4,1
S4 data model,1
Information Steward,1
data quality rules,1
Enterprise level architecture,1
Product services,1
customer discussion,1
standard change management,1
compliance audits,1
penetration tests,1
vulnerability assessments,1
problem,1
SLA management,1
Enterprise Architect,1
Technical Architects,1
Microsoft Excel,1
Hubspot,1
CRM,1
GTM systems,1
lead routing,1
data workflows,1
pipeline health,1
campaign performance,1
revenue KPIs,1
forecasting,1
territory planning,1
quota setting,1
tech stack evaluation,1
Internal Control,1
Stakeholder Management,1
Mandarin,1
OLAP,1
Hive,1
Visual Studio Team Services,1
VBA,1
Visual Basic,1
ASP.Net,1
ERP systems,1
data analytics tools,1
EnCase,1
Cellebrite,1
Oxygen,1
FTK Imager,1
MacQuisition,1
X1 Social Discovery,1
Logicube Falcon,1
Mac/Windows filesystems,1
encryption,1
electronic discovery reference model,1
EnCE,1
CCE,1
CCFE,1
GCFE,1
GCFA,1
CCO,1
CCPA,1
CCME,1
Relativity,1
Concordance,1
Nuix,1
LAW PreDiscovery,1
(Robo/Rich) copy tools,1
BAT scripting,1
PowerShell scripting,1
VB,1
Access,1
SQL/Hive,1
scripting language (Python/R),1
supply-demand models,1
sensitivity analyses,1
North American carbon markets,1
commodity market environment,1
survey design,1
interview moderation,1
SQL survey platforms,1
e-commerce,1
livestream shopping,1
marketplace dynamics,1
JD Edwards,1
Fiori,1
SAP MM,1
PM,1
WM,1
SD,1
FICO,1
Material Master,1
BOMs,1
Supplier Master,1
Dagster,1
Notion,1
FactSet,1
MSCI,1
Aladdin,1
Bloomberg PORT,1
Charles River,1
SimCorp,1
Markit EDM,1
data ingestion,1
data preparation,1
data transformation processes,1
data reliability,1
data efficiency,1
data quality improvements,1
Qlikview,1
QlikSense,1
Oracle SQL Developer,1
transportation,1
business intelligence,1
BI,1
Circana,1
Nielsen,1
space planning,1
shopper card data,1
Microsoft 365,1
Exchange Online,1
SharePoint Online,1
Intune,1
Group Policy,1
Networking concepts,1
Hyper-V,1
ConnectWise,1
quality assurance,1
large-scale models,1
distributed training infrastructure,1
RL environments,1
caching infrastructure,1
file services,1
regression testing,1
exploratory testing,1
production signals,1
visualizations,1
front-ends,1
back-end pipelines,1
safety procedures,1
LPC,1
LPCC,1
LCPC,1
LCPCS,1
LPCC-S,1
NPI,1
malpractice insurance,1
CEUs,1
Financial Markets,1
Fixed Income,1
Debezium,1
PydanticAI,1
Agent-to-Agent (A2A) communication,1
observability tools,1
responsive mobile development,1
native mobile development,1
GitHub portfolio,1
Prisma,1
CSS3,1
integration testing,1
DashApps,1
EC2,1
self-starter,1
entrepreneurial,1
Discord,1
meetups,1
templates,1
blog posts,1
talks,1
short videos,1
model hosting,1
bug reports,1
OSS tools,1
CLIs,1
community health,1
data validation,1
SAP Infrastructure,1
On-call,1
enterprise network components,1
Verilog/System Verilog,1
RTL,1
assembly language,1
workloads,1
benchmarks,1
RTL Simulation,1
Emulation environments,1
Reference Implementations,1
MES,1
Enterprise Systems,1
ERP,1
Shop Floor Systems,1
flexible,1
resilient,1
architectures,1
technical,1
briefings,1
deep dive sessions,1
Global 500,1
Snapd,1
Ubuntu Core,1
Ubuntu Pro,1
Livepatch,1
MAAS,1
Microk8s,1
EFI,1
BIOS,1
Secure Boot,1
embedded software development,1
low-level Linux boot,1
4G LTE,1
5G,1
feature validation,1
BBU (Baseband Units),1
Radios,1
hardware testing,1
Kubernetes/Nomad,1
RushJS,1
RSPack,1
RDBMS,1
Selenium,1
Test Studio,1
KIF,1
Manhattan WMOS,1
Supply Chain,1
Apex,1
CPQ,1
subscriber lifecycle,1
BSP,1
operating system kernel fundamentals,1
ability to travel,1
Twirp APIs,1
testing methodologies,1
Product,1
SNS,1
CDK,1
architecting,1
secure solutions,1
migration strategies,1
implementation process,1
risks,1
enterprise cloud adoption,1
on-device ML models,1
TPU,1
GPU,1
front-end frameworks,1
API development,1
software products,1
data structures/algorithms,1
cross-cutting,1
coding,1
systems development,1
project priorities,1
deadlines,1
deliverables,1
maintain,1
enhance,1
educational content,1
triage,1
design reviews,1
cloud platforms such as AWS,1
web scalability,1
data analytics platform,1
Personalization,1
engineering,1
fraud,1
backend systems,1
data flows,1
verification providers,1
customer safety,1
trust,1
micro frontend architectures,1
AI assist tools,1
Cursor AI,1
GitHub's Co-Pilot,1
micro-service architecture,1
fraud prevention,1
revenue protection,1
web experiences,1
reusable code,1
scalable code,1
product usability,1
optimizing AI models,1
debugging AI models,1
deploying AI models,1
Adobe Camera Raw,1
Lightroom,1
Photoshop,1
Premiere,1
Acrobat,1
Adobe Sign,1
GENAI,1
privacy,1
innovate,1
automotive,1
customer obsession,1
maintainable,1
interactive,1
full stack software development,1
Inference,1
Silicon Development,1
agile software development,1
silicon development,1
hardware design,1
verification,1
pre-silicon design,1
Inferentia,1
optimize,1
automate,1
peer reviews,1
ASR,1
Conversational AI,1
high-performance systems,1
marketplace,1
innovative solutions,1
Product Security,1
SME knowledge,1
distributed computing,1
data storage,1
complex matrixed organization,1
test plans,1
quality metrics,1
test frameworks,1
algorithm,1
query,1
application security,1
secrets,1
service meshes,1
Commuting,1
High-Quality Products,1
Sound Product Decisions,1
Shipping,1
Implementation,1
New Features,1
Growth Tactics,1
Systems at Scale,1
Technical Tradeoffs,1
Triaging,1
Service Operations,1
RESTful Web services,1
.Net Core,1
Eclipse,1
VUE,1
scalable solutions,1
full-stack product lifecycle,1
performance bottlenecks,1
user interfaces,1
reliable systems,1
Java/Spring Boot,1
React/Angular,1
Relational Databases,1
Diagraming tools,1
draw.io,1
miro,1
Visual Studio,1
command line tool,1
shadcn/ui,1
innovation,1
US Citizenship,1
CI\CD,1
multi-modal models,1
MongoDb,1
SaaS platforms,1
real-time data,1
anti-tamper,1
anti-cheat,1
DRM,1
diagnose,1
cross-platform,1
Windows APIs,1
QA,1
Mobile technologies,1
Testing tools,1
IP networking,1
mobile IP,1
RF propagation,1
wireless,1
MANET,1
MATLAB,1
Context API,1
DataDog,1
DeFi,1
CeFi,1
L1s,1
L2s,1
NFTs,1
ZK,1
"""Microfrontend architecture""",1
HealthCare,1
JQuery,1
Workman socket,1
ESC/POS,1
Linux commands,1
shell script,1
network,1
printers,1
Scrapy,1
financial data,1
Haskell,1
Unix,1
shell scripting,1
builder,1
large-scale data quality assessment,1
benchmark design,1
performance measurement frameworks,1
ads technology,1
PostCSS,1
TanStack Router,1
TanStack Query,1
Sentry,1
Lambda Testing,1
Test Driven Development,1
Extreme Programming,1
Struts,1
Junit,1
FitNesse,1
Blazor,1
Spacelift,1
statistical models,1
computerized trading,1
mathematical modeling,1
Plotly Dash,1
user experience (UX),1
user interface (UI) best practices,1
SDLC frameworks,1
synthetic datasets,1
filtering,1
scoring heuristics,1
ultra-long context,1
inference-time compute,1
robust data pipelines,1
testable,1
Scikit,1
NLTK,1
Numpy,1
Keras,1
CSS Grid,1
Three.js,1
WebGL,1
Storybook,1
GIS,1
serverless architecture,1
Serverless framework,1
regulations,1
cross-functionally,1
no-code,1
cross-functional,1
platforms,1
TFS,1
TeamCityJules,1
trusted,1
Pyspark,1
UI/UX Design,1
Microsoft SQL Server,1
Event Sourcing,1
JVM internals,1
ArgoCD,1
event-driven,1
SPAs/PWAs,1
WebComponents,1
Web Workers,1
video encoding,1
Web Gamepad API,1
SQL/NoSQL,1
WCAG,1
AWS infrastructure,1
Aurora,1
Athena,1
automated security,1
quality testing,1
modern test frameworks,1
mock frameworks,1
.NET MVC,1
B2C,1
marketing websites,1
AB Testing,1
localization,1
mobile optimization,1
caching,1
Microsoft Dynamics CRM,1
Windows Server/IIS,1
Azure App Service,1
interactivity,1
mobile-first,1
VIM,1
Emacs,1
UNIX,1
frontend technologies,1
HTTP request,1
large code bases,1
operating system fundamentals,1
UI,1
real-time embedded systems,1
vehicle control systems,1
industrial control systems,1
high-performance,1
object-oriented,1
fast-paced,1
core services,1
Trino/Presto,1
Iceberg,1
monorepo,1
fault-tolerant,1
query optimization,1
data warehousing,1
distributed data processing,1
AI code generation tools,1
full-stack engineer,1
AI Tools,1
supercomputers,1
ML systems,1
petabyte-scale,1
high-throughput data processing,1
large cloud compute clusters,1
resource management,1
Linux/Unix,1
Object-Oriented Analysis and Design,1
FinTech,1
Heroku,1
Objective C++,1
Microservices architecture,1
Event-driven distributed systems,1
Machine learning,1
Blazor Server,1
Entity Framework Core,1
SignalR,1
unit tests,1
infrastructure automation,1
system architecture,1
technical design,1
user documentation,1
developer onboarding,1
Bash,1
version control systems,1
AI DJ,1
AI Playlist,1
Blend,1
Jam,1
vertical feeds,1
recommender systems,1
evaluation strategies,1
AI-assisted coding tools,1
full-stack MVPs,1
user interactions,1
backends,1
prompts,1
3D space,1
AI-native UX,1
jQuery,1
select2,1
Oracle,1
JSON,1
Test-Driven Development,1
JUnit,1
XML,1
React Query,1
Zustand,1
hooks,1
component-based architecture,1
Cypress,1
XSS/CSRF prevention,1
Vercel/Netlify,1
M365,1
API Gateway,1
Agentic AI,1
AI solution architecture,1
security best practices,1
AI agent performance,1
plugins,1
connectors,1
enterprise-grade application servers,1
object-relational mapping,1
DevSecOps,1
elastic scaling,1
API-driven architectures,1
customer-facing,1
roadmap,1
recruitment,1
aerospace,1
SolarWind,1
Leadership,1
Teradata,1
Apache Spark,1
JTAC,1
Protocols,1
Management Tools,1
PowerApps,1
AI Builder,1
Dataverse,1
MS Excel,1
Hazelcast,1
AWS EC2,1
Apache Druid,1
Metabase,1
Networking Concepts,1
Operating System Fundamentals,1
Embedded Development,1
Functional Programming,1
Scala or Spark,1
Dependency Injection,1
Supabase,1
Frontend architecture,1
Styling,1
functional programming,1
online data stores,1
dependency injection,1
Guice,1
Pico,1
Dagger,1
backend modules,1
Expo,1
backend development,1
object-oriented language,1
Large Language Models,1
eCDM,1
AWS/Azure,1
asynchronous process handling,1
software development methodologies,1
infrastructure components,1
WCF,1
WPF,1
Microsoft Power Platform,1
Team Foundation Server,1
MVC,1
Core Java,1
Multithreading,1
Concurrency,1
Exception Handling,1
Serialization,1
Java I/O (NIO),1
Generics,1
Lambda Expressions,1
Streams API,1
JDBC,1
Couchbase,1
Apache Kafka,1
RabbitMQ,1
ActiveMQ,1
AWS SNS,1
AWS SQS,1
OAuth 2.0,1
Envoy,1
Splunk,1
OTEL,1
JUnit5,1
Mockito,1
TestNG,1
Rest Assured,1
DataManager,1
Cucumber,1
WireMock,1
SoapUI,1
Matplotlib,1
Seaborn,1
Plotly,1
MuleSoft,1
DataWeave,1
API Designer,1
HTTP,1
File,1
SMTP,1
FTP,1
SFTP,1
JDBC Connector,1
Transaction Manager,1
ECS,1
EKS,1
C language,1
control software,1
vehicle functional control system,1
Autonomous Systems,1
hardware,1
functional safety standards,1
PLC programming,1
HMI programming,1
industrial networks,1
industrial automation,1
control systems,1
IO lists,1
sequence of operations,1
Quality Assurance,1
Freedom Software,1
Software Product Development,1
Device Testing,1
public API,1
Selenium WebDriver,1
infrastructure-as-code,1
Charmed Operators,1
GNU/Linux,1
toolchains,1
cross-compilation,1
container technology,1
automation frameworks,1
data integrations,1
technical execution,1
Visualization Tools,1
Apache Trino,1
Public Cloud,1
Google Cloud,1
SAN,1
Infrastructure Engineering,1
health,1
relocation assistance,1
cloud-based ERP/CRM,1
integrated workflows,1
scripts development,1
customizing,1
data record fields,1
form configuration,1
domestic travel,1
Charmed OpenStack,1
OVN,1
Openvswitch,1
QEMU/KVM,1
s390,1
arm64,1
Ubuntu Linux - kernel or userspace,1
Mongo,1
Windows server,1
cloud technologies,1
SOQL,1
SOSL,1
APEX,1
Visualforce,1
scheduling,1
scheduling software,1
construction processes,1
engineering principles,1
technical specifications,1
system integration,1
application support,1
government,1
Archer Certified Administrator,1
InRoads,1
OpenRoads,1
BIM Software,1
Engineer in Training Certification,1
PLS-CADD,1
AutoCAD,1
CAD software,1
NESC,1
IEEE,1
ANSI,1
high voltage overhead transmission line,1
schematics,1
PLC,1
HMI,1
FAT,1
piping & instrumentation diagrams,1
Quality Management System,1
instrumentation specifications,1
IT system,1
network infrastructure,1
physical security,1
video surveillance,1
Windows troubleshooting,1
networking principles,1
IP communication,1
pre-sales technical,1
sales engineering,1
infra,1
production-grade,1
reasoning agents,1
Multi Factor Authentication,1
Identity Providers,1
FIDO UAF,1
FIDO2,1
Identity Access Management,1
developer communities,1
AI-assisted development,1
Claude Code,1
AI-assisted development environments,1
Sidekiq,1
video streaming,1
GPU-intensive,1
WebRTC,1
GPU/edge computing,1
computer architecture,1
Ethernet,1
UDP/TCP,1
Apollo Client,1
SCSS,1
e-signature,1
contract lifecycle management,1
AI/LLM,1
eval frameworks,1
agent tooling,1
object-oriented design,1
memory systems,1
assembly,1
processor architecture,1
microarchitecture,1
source code control,1
NI products,1
Front Office,1
Banking,1
Rewrite,1
Triage,1
building large-scale distributed systems,1
distributed compute,1
data orchestration,1
distributed storage,1
streaming infrastructure,1
machine learning infrastructure,1
Talend,1
Snowpipe,1
Streams,1
Tasks,1
Role-based access,1
Data governance,1
Gen AI,1
GPT,1
software testing,1
testing principles,1
integrating LLM,1
scalable LLM architectures,1
engineering concepts,1
process,1
test results,1
root cause analysis,1
computational geometry,1
algorithm development,1
sub-meter accurate,1
geographic data manipulation,1
EMR,1
Cloud Formation,1
Lambdas,1
automated tests,1
3D math,1
linear algebra,1
interpolation,1
chaos testing,1
Defense,1
concurrent programming,1
voice AI,1
test-driven development,1
continuous integration,1
Azure Cognitive Services,1
Bedrock,1
Claude,1
Vertex,1
Istio,1
Monitoring,1
Logging,1
Instrumentation,1
Web Assembly,1
HashiCorp Terraform,1
HashiCorp Vault,1
BigTable,1
Scio,1
GCP Dataflow,1
AWS EMR,1
Apache Beam,1
AWS Lambda,1
AWS Comprehend,1
FAISS,1
Retool,1
automated testing tools,1
Front End build tools,1
NPM Scripts,1
reporting tools,1
robotics,1
edge computing,1
Fullstack,1
Commute,1
Layer 1,1
Blockchain,1
zkVM,1
Solidity,1
simulations,1
mechanical engineers,1
electrical engineers,1
ultrasound engineers,1
transducer designers,1
neuroscientists,1
production-level code,1
shipped products,1
real-world sensors,1
RPC,1
Unix/Linux,1
critical code analysis,1
source code management tools,1
networking protocol,1
Video Upload and Encoding,1
MRSS/RSS,1
HLS/DASH,1
ffmpeg,1
CDNs,1
System Architecture,1
WebAssembly,1
containerized applications,1
serverless functions,1
Test-driven development,1
Gitlab,1
IAC with Pulumi,1
Big data processing,1
API/web scraping,1
Mobile device API discovery,1
Reverse engineering,1
Meteor,1
React development,1
frontend UI,1
backend infrastructure,1
containerized environments,1
CLI tools,1
JavaScript runtimes,1
multi-threaded programming,1
distributed application architecture,1
financial industry,1
large-scale distributed systems,1
React/Redux,1
frontend applications,1
cross-browser compatibility,1
progressive enhancement,1
graceful degradation,1
website performance,1
async APIs,1
message queues,1
WebSocket,1
